[{"pk": 1, "model": "core.composer", "fields": {"name": "Beethoven"}}, {"pk": 2, "model": "core.composer", "fields": {"name": "Shostakovich"}}, {"pk": 3, "model": "core.composer", "fields": {"name": "Mahler"}}, {"pk": 4, "model": "core.composer", "fields": {"name": "Bizet"}}, {"pk": 5, "model": "core.composer", "fields": {"name": "Williams"}}, {"pk": 6, "model": "core.composer", "fields": {"name": "Dvorak"}}, {"pk": 7, "model": "core.composer", "fields": {"name": "Tchaikovsky"}}, {"pk": 8, "model": "core.composer", "fields": {"name": "Berlioz"}}, {"pk": 9, "model": "core.composer", "fields": {"name": "Vaughan Williams"}}, {"pk": 10, "model": "core.composer", "fields": {"name": "Liszt"}}, {"pk": 11, "model": "core.composer", "fields": {"name": "Schubert"}}, {"pk": 12, "model": "core.composer", "fields": {"name": "Mozart"}}, {"pk": 13, "model": "core.composer", "fields": {"name": "Janacek"}}, {"pk": 14, "model": "core.composer", "fields": {"name": "Brahms"}}, {"pk": 15, "model": "core.composer", "fields": {"name": "Bach"}}, {"pk": 1, "model": "core.quality", "fields": {"name": "story-telling", "description": "tells stories the best"}}, {"pk": 2, "model": "core.quality", "fields": {"name": "technical", "description": "has the best technique"}}, {"pk": 3, "model": "core.quality", "fields": {"name": "colours", "description": "makes music with the most varied colours"}}, {"pk": 4, "model": "core.quality", "fields": {"name": "accessible", "description": "wrote the most accessible music"}}, {"pk": 5, "model": "core.quality", "fields": {"name": "large", "description": "produced the largest works"}}, {"pk": 1, "model": "core.votecounter", "fields": {"count": 0, "quality": 1, "composer": 1}}, {"pk": 2, "model": "core.votecounter", "fields": {"count": 0, "quality": 1, "composer": 2}}, {"pk": 3, "model": "core.votecounter", "fields": {"count": 0, "quality": 1, "composer": 3}}, {"pk": 4, "model": "core.votecounter", "fields": {"count": 0, "quality": 1, "composer": 4}}, {"pk": 5, "model": "core.votecounter", "fields": {"count": 0, "quality": 1, "composer": 5}}, {"pk": 6, "model": "core.votecounter", "fields": {"count": 0, "quality": 1, "composer": 6}}, {"pk": 7, "model": "core.votecounter", "fields": {"count": 0, "quality": 1, "composer": 7}}, {"pk": 8, "model": "core.votecounter", "fields": {"count": 0, "quality": 1, "composer": 8}}, {"pk": 9, "model": "core.votecounter", "fields": {"count": 0, "quality": 1, "composer": 9}}, {"pk": 10, "model": "core.votecounter", "fields": {"count": 0, "quality": 1, "composer": 10}}, {"pk": 11, "model": "core.votecounter", "fields": {"count": 0, "quality": 1, "composer": 11}}, {"pk": 12, "model": "core.votecounter", "fields": {"count": 0, "quality": 1, "composer": 12}}, {"pk": 13, "model": "core.votecounter", "fields": {"count": 0, "quality": 1, "composer": 13}}, {"pk": 14, "model": "core.votecounter", "fields": {"count": 0, "quality": 1, "composer": 14}}, {"pk": 15, "model": "core.votecounter", "fields": {"count": 0, "quality": 1, "composer": 15}}, {"pk": 16, "model": "core.votecounter", "fields": {"count": 0, "quality": 2, "composer": 1}}, {"pk": 17, "model": "core.votecounter", "fields": {"count": 0, "quality": 2, "composer": 2}}, {"pk": 18, "model": "core.votecounter", "fields": {"count": 0, "quality": 2, "composer": 3}}, {"pk": 19, "model": "core.votecounter", "fields": {"count": 0, "quality": 2, "composer": 4}}, {"pk": 20, "model": "core.votecounter", "fields": {"count": 0, "quality": 2, "composer": 5}}, {"pk": 21, "model": "core.votecounter", "fields": {"count": 0, "quality": 2, "composer": 6}}, {"pk": 22, "model": "core.votecounter", "fields": {"count": 0, "quality": 2, "composer": 7}}, {"pk": 23, "model": "core.votecounter", "fields": {"count": 0, "quality": 2, "composer": 8}}, {"pk": 24, "model": "core.votecounter", "fields": {"count": 0, "quality": 2, "composer": 9}}, {"pk": 25, "model": "core.votecounter", "fields": {"count": 0, "quality": 2, "composer": 10}}, {"pk": 26, "model": "core.votecounter", "fields": {"count": 0, "quality": 2, "composer": 11}}, {"pk": 27, "model": "core.votecounter", "fields": {"count": 0, "quality": 2, "composer": 12}}, {"pk": 28, "model": "core.votecounter", "fields": {"count": 0, "quality": 2, "composer": 13}}, {"pk": 29, "model": "core.votecounter", "fields": {"count": 0, "quality": 2, "composer": 14}}, {"pk": 30, "model": "core.votecounter", "fields": {"count": 0, "quality": 2, "composer": 15}}, {"pk": 31, "model": "core.votecounter", "fields": {"count": 0, "quality": 3, "composer": 1}}, {"pk": 32, "model": "core.votecounter", "fields": {"count": 0, "quality": 3, "composer": 2}}, {"pk": 33, "model": "core.votecounter", "fields": {"count": 0, "quality": 3, "composer": 3}}, {"pk": 34, "model": "core.votecounter", "fields": {"count": 0, "quality": 3, "composer": 4}}, {"pk": 35, "model": "core.votecounter", "fields": {"count": 0, "quality": 3, "composer": 5}}, {"pk": 36, "model": "core.votecounter", "fields": {"count": 0, "quality": 3, "composer": 6}}, {"pk": 37, "model": "core.votecounter", "fields": {"count": 0, "quality": 3, "composer": 7}}, {"pk": 38, "model": "core.votecounter", "fields": {"count": 0, "quality": 3, "composer": 8}}, {"pk": 39, "model": "core.votecounter", "fields": {"count": 0, "quality": 3, "composer": 9}}, {"pk": 40, "model": "core.votecounter", "fields": {"count": 0, "quality": 3, "composer": 10}}, {"pk": 41, "model": "core.votecounter", "fields": {"count": 0, "quality": 3, "composer": 11}}, {"pk": 42, "model": "core.votecounter", "fields": {"count": 0, "quality": 3, "composer": 12}}, {"pk": 43, "model": "core.votecounter", "fields": {"count": 0, "quality": 3, "composer": 13}}, {"pk": 44, "model": "core.votecounter", "fields": {"count": 0, "quality": 3, "composer": 14}}, {"pk": 45, "model": "core.votecounter", "fields": {"count": 0, "quality": 3, "composer": 15}}, {"pk": 46, "model": "core.votecounter", "fields": {"count": 0, "quality": 4, "composer": 1}}, {"pk": 47, "model": "core.votecounter", "fields": {"count": 0, "quality": 4, "composer": 2}}, {"pk": 48, "model": "core.votecounter", "fields": {"count": 0, "quality": 4, "composer": 3}}, {"pk": 49, "model": "core.votecounter", "fields": {"count": 0, "quality": 4, "composer": 4}}, {"pk": 50, "model": "core.votecounter", "fields": {"count": 0, "quality": 4, "composer": 5}}, {"pk": 51, "model": "core.votecounter", "fields": {"count": 0, "quality": 4, "composer": 6}}, {"pk": 52, "model": "core.votecounter", "fields": {"count": 0, "quality": 4, "composer": 7}}, {"pk": 53, "model": "core.votecounter", "fields": {"count": 0, "quality": 4, "composer": 8}}, {"pk": 54, "model": "core.votecounter", "fields": {"count": 0, "quality": 4, "composer": 9}}, {"pk": 55, "model": "core.votecounter", "fields": {"count": 0, "quality": 4, "composer": 10}}, {"pk": 56, "model": "core.votecounter", "fields": {"count": 0, "quality": 4, "composer": 11}}, {"pk": 57, "model": "core.votecounter", "fields": {"count": 0, "quality": 4, "composer": 12}}, {"pk": 58, "model": "core.votecounter", "fields": {"count": 0, "quality": 4, "composer": 13}}, {"pk": 59, "model": "core.votecounter", "fields": {"count": 0, "quality": 4, "composer": 14}}, {"pk": 60, "model": "core.votecounter", "fields": {"count": 0, "quality": 4, "composer": 15}}, {"pk": 61, "model": "core.votecounter", "fields": {"count": 0, "quality": 5, "composer": 1}}, {"pk": 62, "model": "core.votecounter", "fields": {"count": 0, "quality": 5, "composer": 2}}, {"pk": 63, "model": "core.votecounter", "fields": {"count": 0, "quality": 5, "composer": 3}}, {"pk": 64, "model": "core.votecounter", "fields": {"count": 0, "quality": 5, "composer": 4}}, {"pk": 65, "model": "core.votecounter", "fields": {"count": 0, "quality": 5, "composer": 5}}, {"pk": 66, "model": "core.votecounter", "fields": {"count": 0, "quality": 5, "composer": 6}}, {"pk": 67, "model": "core.votecounter", "fields": {"count": 0, "quality": 5, "composer": 7}}, {"pk": 68, "model": "core.votecounter", "fields": {"count": 0, "quality": 5, "composer": 8}}, {"pk": 69, "model": "core.votecounter", "fields": {"count": 0, "quality": 5, "composer": 9}}, {"pk": 70, "model": "core.votecounter", "fields": {"count": 0, "quality": 5, "composer": 10}}, {"pk": 71, "model": "core.votecounter", "fields": {"count": 0, "quality": 5, "composer": 11}}, {"pk": 72, "model": "core.votecounter", "fields": {"count": 0, "quality": 5, "composer": 12}}, {"pk": 73, "model": "core.votecounter", "fields": {"count": 0, "quality": 5, "composer": 13}}, {"pk": 74, "model": "core.votecounter", "fields": {"count": 0, "quality": 5, "composer": 14}}, {"pk": 75, "model": "core.votecounter", "fields": {"count": 0, "quality": 5, "composer": 15}}]